Country,Age,Salary,Purchased
France,0.7391304347826086,0.6857142857142857,0
Spain,0.0,0.0,1
Germany,0.1304347826086957,0.1714285714285714,0
Spain,0.4782608695652174,0.3714285714285714,0
Germany,0.5652173913043478,0.45079363839285713,1
France,0.3478260869565217,0.2857142857142857,1
Spain,0.5120773315429688,0.1142857142857143,0
France,0.9130434782608696,0.8857142857142857,1
Germany,1.0,1.0,0
France,0.4347826086956522,0.5428571428571429,1